-- phpMyAdmin SQL Dump
-- version 4.0.4.1
-- http://www.phpmyadmin.net
--
-- Host: 127.0.0.1
-- Generation Time: Apr 20, 2014 at 08:35 PM
-- Server version: 5.5.32
-- PHP Version: 5.4.19

SET SQL_MODE = "NO_AUTO_VALUE_ON_ZERO";
SET time_zone = "+00:00";


/*!40101 SET @OLD_CHARACTER_SET_CLIENT=@@CHARACTER_SET_CLIENT */;
/*!40101 SET @OLD_CHARACTER_SET_RESULTS=@@CHARACTER_SET_RESULTS */;
/*!40101 SET @OLD_COLLATION_CONNECTION=@@COLLATION_CONNECTION */;
/*!40101 SET NAMES utf8 */;


-- --------------------------------------------------------

--
-- Table structure for table `article`
--

CREATE TABLE IF NOT EXISTS `it24h_article` (
  `id` int(11) NOT NULL AUTO_INCREMENT,
  `title` varchar(150) CHARACTER SET utf8 COLLATE utf8_unicode_ci NOT NULL,
  `slug` varchar(150) CHARACTER SET utf8 COLLATE utf8_unicode_ci NOT NULL,
  `img` varchar(150) NOT NULL,
  `describe` varchar(1000) CHARACTER SET utf8 COLLATE utf8_unicode_ci NOT NULL,
  `content` text CHARACTER SET utf8 COLLATE utf8_unicode_ci NOT NULL,
  `is_service` tinyint(1) NOT NULL DEFAULT '0',
  PRIMARY KEY (`id`)
) ENGINE=MyISAM  DEFAULT CHARSET=latin1 AUTO_INCREMENT=8 ;

--
-- Dumping data for table `article`
--

INSERT INTO `it24h_article` (`id`, `title`, `slug`, `img`, `describe`, `content`, `is_service`) VALUES (2, 'Siêu thị Target bị hack bởi phần mềm Nga', 'sieu-thi', '7322d-686750.jpg', 'Trong khi vụ hack lịch sử vào chuỗi siêu thị Target còn chưa tìm ra thủ phạm, giới bảo mật quốc tế đã phát hiện phần mềm được sử dụng trong vụ việc là "tác phẩm" của một thanh niên 23 tuổi người Nga.', '<p class="pBody" style="font-family: Arial; font-size: 14px; color: rgb(0, 0, 0); line-height: 20px; margin: 8px auto;">\r\n	Theo&nbsp;<em>Wall Street Journal</em>,&nbsp;Rinat Shabaev, 23 tuổi, sống tại miền nam nước Nga đ&atilde; bị ph&aacute;t hiện đang rao b&aacute;n phần mềm độc hại (malware) đ&atilde; được sử dụng trong vụ hack si&ecirc;u thị Target (Mỹ) với gi&aacute; 2.000 USD một bản.</p>\r\n<p class="pBody" style="font-family: Arial; font-size: 14px; color: rgb(0, 0, 0); line-height: 20px; margin: 8px auto;">\r\n	Hiện tại, Shabaev vẫn chưa bị truy tố. Trong b&agrave;i phỏng vấn truyền h&igrave;nh c&ugrave;ng trang Lifenews.ru (Nga), người n&agrave;y cho biết tuy kh&ocirc;ng lập tr&igrave;nh to&agrave;n bộ phần mềm n&agrave;y, song cậu lại l&agrave; t&aacute;c giả của một phần mềm bổ trợ (extension) về sau,&nbsp;cho ph&eacute;p malware n&agrave;y lưu lại dữ liệu của kh&aacute;ch h&agrave;ng si&ecirc;u thị Target đồng thời qua mặt c&aacute;c biện ph&aacute;p bảo mật tại đ&acirc;y như người ta đ&atilde; chứng kiến.</p>\r\n<p class="pBody" style="font-family: Arial; font-size: 14px; color: rgb(0, 0, 0); line-height: 20px; margin: 8px auto;">\r\n	&nbsp;</p>\r\n<table align="right" bgcolor="#feffa3" cellpadding="5" cellspacing="0" style="color: rgb(0, 0, 0); font-family: arial; font-size: 14px;" width="35%">\r\n	<tbody>\r\n		<tr>\r\n			<td class="pBody" style="font-family: Arial; line-height: 20px; margin: 8px auto;">\r\n				&quot;Nếu bạn d&ugrave;ng chương tr&igrave;nh với mục đ&iacute;ch kh&ocirc;ng tốt, bạn c&oacute; thể kiếm kh&aacute; tiền nhưng lại phạm ph&aacute;p. Đ&oacute; l&agrave; l&yacute; do t&ocirc;i kh&ocirc;ng trực tiếp sử dụng m&agrave; chỉ b&aacute;n để lấy tiền. Việc người ta sử dụng n&oacute; như thế n&agrave;o ho&agrave;n to&agrave;n l&agrave; tr&aacute;ch nhiệm c&aacute; nh&acirc;n họ&quot; &ndash; Rinat Shabaev cho biết khi được phỏng vấn.</td>\r\n		</tr>\r\n	</tbody>\r\n</table>\r\n<p style="color: rgb(0, 0, 0); font-family: arial; font-size: 14px;">\r\n	&nbsp;</p>\r\n<p class="pBody" style="font-family: Arial; font-size: 14px; color: rgb(0, 0, 0); line-height: 20px; margin: 8px auto;">\r\n	T&aacute;c giả malware&nbsp;cho biết m&igrave;nh&nbsp;viết phần mềm n&agrave;y đơn giản chỉ để b&aacute;n kiếm tiền cho bất cứ ai c&oacute; nhu cầu mua, đồng thời cho rằng về bản chất, việc sử dụng phần mềm của cậu cho mục đ&iacute;ch tốt hay xấu đều phụ thuộc v&agrave;o chủ đ&iacute;ch người d&ugrave;ng. Theo Shabaev, chương tr&igrave;nh do cậu viết ra ho&agrave;n to&agrave;n c&oacute; thể được d&ugrave;ng để ph&aacute;t hiện lỗ hổng b&ecirc;n trong một hệ thống bảo mật.</p>\r\n<p class="pInterTitle" style="font-family: Arial; font-size: 14px; color: rgb(0, 0, 0); font-weight: bold;">\r\n	Cuộc chiến kh&ocirc;ng tiếng s&uacute;ng</p>\r\n<p class="pBody" style="font-family: Arial; font-size: 14px; color: rgb(0, 0, 0); line-height: 20px; margin: 8px auto;">\r\n	Đ&ocirc;i khi -&nbsp;tờ Wall Street Journal b&igrave;nh luận -&nbsp;giới lập tr&igrave;nh vi&ecirc;n sẽ tạo ra những phần mềm độc hại với mục đ&iacute;ch t&igrave;m kiếm c&aacute;c lỗ hổng b&ecirc;n trong những hệ thống điện to&aacute;n cũng như để kiểm tra mức độ an to&agrave;n của ch&uacute;ng,&nbsp;thường được c&aacute;c c&ocirc;ng ty c&ocirc;ng nghệ Mỹ gọi bằng thuật ngữ &quot;thử nghiệm x&acirc;m nhập&quot;.</p>\r\n<p class="pBody" style="font-family: Arial; font-size: 14px; color: rgb(0, 0, 0); line-height: 20px; margin: 8px auto;">\r\n	&quot;Tại Hoa Kỳ, một lập tr&igrave;nh vi&ecirc;n chỉ bị xem l&agrave; c&oacute; tội khi sử dụng hoặc đe dọa d&ugrave;ng phần mềm của m&igrave;nh với dụng &yacute; xấu, như x&acirc;m nhập tr&aacute;i ph&eacute;p v&agrave;o một hệ thống điện to&aacute;n, hoặc lập &acirc;m mưu tương tự c&ugrave;ng với người kh&aacute;c.&quot; &ndash; Cindy Cohn, gi&aacute;m đốc ph&aacute;p l&yacute; của tổ chức Electronic Frontier Foundation (EFF)&nbsp;cho biết.</p>\r\n<p class="pBody" style="font-family: Arial; font-size: 14px; color: rgb(0, 0, 0); line-height: 20px; margin: 8px auto;">\r\n	&nbsp;</p>\r\n<table align="center" border="0" cellpadding="0" cellspacing="4" style="color: rgb(0, 0, 0); font-family: arial; font-size: 14px;" width="40">\r\n	<tbody>\r\n		<tr>\r\n			<td>\r\n				<img border="1" class="lImage" hspace="0" hyperlink="" src="http://images.tuoitre.vn/tianyon/ImageView.aspx?ThumbnailID=686751" style="max-width: 660px; text-align: center;" /></td>\r\n		</tr>\r\n		<tr>\r\n			<td class="tLegend" style="font-size: 12px; color: rgb(54, 54, 54); font-style: italic; font-family: Arial;">\r\n				T&agrave;i khoản c&aacute;c loại thẻ ng&acirc;n h&agrave;ng lu&ocirc;n l&agrave; mục ti&ecirc;u b&eacute;o bở của tin tặc v&agrave; tội phạm mạng &ndash; Ảnh minh họa: Internet</td>\r\n		</tr>\r\n	</tbody>\r\n</table>\r\n<p style="color: rgb(0, 0, 0); font-family: arial; font-size: 14px;">\r\n	&nbsp;</p>\r\n<p class="pBody" style="font-family: Arial; font-size: 14px; color: rgb(0, 0, 0); line-height: 20px; margin: 8px auto;">\r\n	Trong một diễn biến li&ecirc;n quan,&nbsp;<em>Wall Street Journal</em>&nbsp;dẫn nguồn từ Hiệp hội t&iacute;n dụng quốc gia Hoa Kỳ (Credit Union National Association) cho hay c&aacute;c c&ocirc;ng ty t&iacute;n dụng tại Mỹ đ&atilde; mất khoảng 30 triệu USD chi ph&iacute; thay thế thẻ cho chủ t&agrave;i khoản bị ảnh hưởng từ vụ hack si&ecirc;u thị Target. Ngo&agrave;i ra, nhiều ng&acirc;n h&agrave;ng lớn của Mỹ như JP Morgan Chase v&agrave; Citigroup cũng đ&atilde; chi h&agrave;ng triệu USD cho việc thay thế thẻ cho kh&aacute;ch h&agrave;ng của m&igrave;nh.</p>\r\n<p class="pBody" style="font-family: Arial; font-size: 14px; color: rgb(0, 0, 0); line-height: 20px; margin: 8px auto;">\r\n	Chuỗi si&ecirc;u thị Target &ndash; nạn nh&acirc;n của vụ hack &ndash; cho biết đ&atilde; c&oacute; khoảng 40 triệu t&agrave;i khoản t&iacute;n dụng của kh&aacute;ch h&agrave;ng m&igrave;nh bị đ&aacute;nh cắp dữ liệu từ vụ tấn c&ocirc;ng diễn ra trong kỳ mua sắm cuối năm 2013 vừa qua. Hậu quả l&agrave; c&ocirc;ng ty n&agrave;y đ&atilde; phải cắt giảm 20% dự b&aacute;o lợi nhuận tr&ecirc;n mỗi cổ phiếu trong đầu th&aacute;ng một năm nay.</p>\r\n<p class="pBody" style="font-family: Arial; font-size: 14px; color: rgb(0, 0, 0); line-height: 20px; margin: 8px auto;">\r\n	Trước đ&oacute;, hệ thống điện to&aacute;n của Target đ&atilde; bị kẻ xấu c&agrave;i đặt một loại phần mềm chuy&ecirc;n d&ugrave;ng đọc dữ liệu trong c&aacute;c m&aacute;y&nbsp;quẹt thẻ thanh to&aacute;n. Phần mềm độc hại n&agrave;y nhanh ch&oacute;ng l&acirc;y nhiễm đến 40.000 thiết bị đọc thẻ tại 1.797 si&ecirc;u thị Target v&agrave; thu thập tất cả những g&igrave; c&oacute; tr&ecirc;n một chiếc thẻ t&iacute;n dụng rồi gửi ngược về cho chủ nh&acirc;n. To&agrave;n bộ qu&aacute; tr&igrave;nh đ&atilde; diễn ra tr&oacute;t lọt trong v&ograve;ng 3 tuần &ndash; chủ yếu v&agrave;o đợt mua sắm cuối năm 2013 vừa qua &ndash; trước khi bị ph&aacute;t hiện.</p>\r\n<p class="pAuthor" style="font-family: Arial; font-size: 14px; text-align: right; color: rgb(61, 61, 61); font-weight: bold;">\r\n	TH&Uacute;Y QUỲNH</p>\r\n', 0),
(3, 'Bảo trì máy tính ', 'bao-tri-may-tinh', '4e99b-1_1.jpg', 'Chuyên bảo trì máy tính  bàn và tất cả các loại Laptop có mặt tên thị trường như : Macbook, Sony, IBM, Toshiba, Dell, Accer, Gateway...', '<p>\n	Chuy&ecirc;n bảo tr&igrave; m&aacute;y t&iacute;nh &nbsp;b&agrave;n v&agrave; tất cả c&aacute;c loại Laptop c&oacute; mặt t&ecirc;n thị trường như : Macbook, Sony, IBM, Toshiba, Dell, Accer, Gateway...</p>\n', 1),
(4, 'Lập trình tổng đài', 'lap-trinh-tong-dai', 'd84e9-imgres.jpg', 'Lập trình tổng đài', '<p>\n	Lập tr&igrave;nh tổng đ&agrave;i</p>\n', 1),
(5, 'Quản trị mạng', 'quan-tri-mang', '4d2df-images.jpg', 'Quản trị mạng', '<p>\n	Quản trị mạng</p>\n', 1),
(6, 'Lắp đặt Camera', 'lap-dat-camera', 'ed784-images.jpg', 'Lắp đặt Camera', '<p>\n	Lắp đặt Camera</p>\n', 1);

-- --------------------------------------------------------

--
-- Table structure for table `category`
--

CREATE TABLE IF NOT EXISTS `it24h_category` (
  `id` int(11) NOT NULL AUTO_INCREMENT,
  `name` varchar(50) CHARACTER SET utf8 COLLATE utf8_unicode_ci NOT NULL,
  `slug` varchar(50) CHARACTER SET utf8 COLLATE utf8_unicode_ci NOT NULL,
  `parent_id` int(11) NOT NULL,
  PRIMARY KEY (`id`)
) ENGINE=MyISAM  DEFAULT CHARSET=latin1 AUTO_INCREMENT=19 ;

--
-- Dumping data for table `category`
--

INSERT INTO `it24h_category` (`id`, `name`, `slug`, `parent_id`) VALUES
(1, 'Laptop', 'Laptop', 0),
(2, 'Acer', 'Acer', 1),
(3, 'Linh kiện máy tính', 'linh-kien-may-tinh', 0),
(4, 'Máy in', 'may-in', 0),
(7, 'Camera', 'Camera', 0),
(9, 'Thiết bị mạng', 'thiet-bi-mang', 0),
(10, 'Asus', 'asus', 1),
(11, 'HP', 'hp', 1),
(12, 'Vaio', 'Vaio', 1),
(14, 'Dell', 'Dell', 1),
(15, 'RAM', 'RAM', 3),
(16, 'Bàn phím', 'keyboard', 3),
(17, 'Chuột', 'mouse', 3),
(18, 'Ổ đĩa cứng', 'HDD', 3);

-- --------------------------------------------------------

--
-- Table structure for table `order`
--

CREATE TABLE IF NOT EXISTS `it24h_order` (
  `id` int(11) NOT NULL AUTO_INCREMENT,
  `name` varchar(100) CHARACTER SET utf8 COLLATE utf8_unicode_ci NOT NULL,
  `phone` varchar(15) NOT NULL,
  `date` date NOT NULL,
  `address` varchar(200) CHARACTER SET utf8 COLLATE utf8_unicode_ci NOT NULL,
  `note` text CHARACTER SET utf8 COLLATE utf8_unicode_ci NOT NULL,
  `stt` smallint(1) NOT NULL DEFAULT '0',
  PRIMARY KEY (`id`)
) ENGINE=MyISAM  DEFAULT CHARSET=latin1 AUTO_INCREMENT=10 ;

--
-- Dumping data for table `order`
--

INSERT INTO `it24h_order` (`id`, `name`, `phone`, `date`, `address`, `note`, `stt`) VALUES
(2, 'Nguyễn Văn Tèo', '01267350255', '2013-09-05', '97 đường 339 tổ 5 KP4 Q9 TPHCM', '', 0),
(3, 'hoàng', '0213213213', '2014-02-04', 'q1 sài gòn', 'không có j hết', 0),
(4, 'Tình Văn Hình', '08111333333', '2014-02-09', 'nguyễn văn cừ q9', 'nothing about you', 0),
(5, 'Tiểu Tử', '0969105636', '2014-02-28', 'cầu thị nghè', '', 0),
(8, 'super man', '0969105635', '2014-09-01', 'sg', '', 0);

-- --------------------------------------------------------

--
-- Table structure for table `order_detail`
--

CREATE TABLE IF NOT EXISTS `it24h_order_detail` (
  `id` int(11) NOT NULL AUTO_INCREMENT,
  `order_id` int(11) NOT NULL,
  `product_id` int(11) NOT NULL,
  `quanity` int(11) NOT NULL,
  PRIMARY KEY (`id`)
) ENGINE=MyISAM  DEFAULT CHARSET=latin1 AUTO_INCREMENT=19 ;

--
-- Dumping data for table `order_detail`
--

INSERT INTO `it24h_order_detail` (`id`, `order_id`, `product_id`, `quanity`) VALUES
(1, 2, 9, 1),
(2, 2, 10, 2),
(3, 2, 11, 1),
(4, 3, 23, 1),
(5, 3, 22, 1),
(6, 4, 18, 1),
(7, 4, 10, 1),
(8, 4, 11, 1),
(9, 4, 24, 1),
(10, 4, 9, 1),
(11, 4, 22, 1),
(12, 5, 9, 1),
(13, 6, 27, 1),
(14, 7, 27, 1),
(15, 8, 27, 1),
(16, 8, 10, 1),
(17, 9, 27, 1),
(18, 9, 10, 1);

-- --------------------------------------------------------

--
-- Table structure for table `product`
--

CREATE TABLE IF NOT EXISTS `it24h_product` (
  `id` int(11) NOT NULL AUTO_INCREMENT,
  `name` varchar(150) CHARACTER SET utf8 COLLATE utf8_unicode_ci NOT NULL,
  `slug` varchar(150) CHARACTER SET utf8 COLLATE utf8_unicode_ci NOT NULL,
  `img` varchar(150) NOT NULL,
  `price` int(11) NOT NULL,
  `warranty` int(11) NOT NULL,
  `describe` text CHARACTER SET utf8 COLLATE utf8_unicode_ci NOT NULL,
  `hot` tinyint(1) NOT NULL,
  `cat_id` int(11) NOT NULL,
  `date` date NOT NULL,
  PRIMARY KEY (`id`)
) ENGINE=MyISAM  DEFAULT CHARSET=latin1 AUTO_INCREMENT=28 ;

--
-- Dumping data for table `product`
--

INSERT INTO `it24h_product` (`id`, `name`, `slug`, `img`, `price`, `warranty`, `describe`, `hot`, `cat_id`, `date`) VALUES
(9, 'HP 450 - C8J31PA', 'HP-450', '3d025-hp-450-2342g50-300-nowatermark-300x300.jpg', 9650000, 12, '<p style="color: blue;">\n	<strong>Th&ocirc;ng số kỹ thuật:</strong></p>\n<div class="thongtinsp">\n	<p style="color: blue;">\n		<span style="font-size:11px;">- Intel&nbsp;Core i3-3120M (2 x 2.50GHz)&nbsp;<br />\n		- DDRAM 2GB/1600<br />\n		- HDD 500GB<br />\n		- Intel HD&nbsp;<br />\n		<strong>- </strong>DVD-RW<br />\n		- Card Reader - USB 3.0<br />\n		- 14&quot; HD LED - HDMI - Webcam<br />\n		- LAN 10/100/1000 - Wireless N - Bluetooth<br />\n		- Weight 2.0Kg - Battery 6 Cell<br />\n		- OS Linux</span></p>\n</div>\n<p>\n	&nbsp;</p>\n', 0, 11, '2014-02-13'),
(10, 'Acer Aspire 756', 'acer-aspire-756', '5ad54-144_367_acer-aspire-one-756-a.jpg', 4700000, 3, '<div style="margin: 0px; padding: 0px; color: rgb(0, 0, 0); font-family: Arial, Verdana, Tahoma, ''Trebuchet MS'', sans-serif; font-size: 13px;">\r\n	<span style="margin: 0px; padding: 0px; line-height: 19px; color: rgb(0, 0, 255); font-size: small; font-weight: bold; font-family: tahoma, arial, helvetica, sans-serif;">- Intel Celeron B877</span></div>\r\n<div style="margin: 0px; padding: 0px; color: rgb(0, 0, 0); font-family: Arial, Verdana, Tahoma, ''Trebuchet MS'', sans-serif; font-size: 13px;">\r\n	<span style="margin: 0px; padding: 0px; line-height: 19px; font-family: tahoma, arial, helvetica, sans-serif;"><span style="margin: 0px; padding: 0px; line-height: 18px; font-size: 12px;"><strong style="margin: 0px; padding: 0px;"><span style="margin: 0px; padding: 0px; line-height: 19px; font-size: small; color: rgb(0, 0, 255);">- DDR3 2GB</span></strong></span></span></div>\r\n<div style="margin: 0px; padding: 0px; color: rgb(0, 0, 0); font-family: Arial, Verdana, Tahoma, ''Trebuchet MS'', sans-serif; font-size: 13px;">\r\n	<span style="margin: 0px; padding: 0px; line-height: 19px; font-family: tahoma, arial, helvetica, sans-serif;"><span style="margin: 0px; padding: 0px; line-height: 18px; font-size: 12px;"><strong style="margin: 0px; padding: 0px;"><span style="margin: 0px; padding: 0px; line-height: 19px; font-size: small; color: rgb(0, 0, 255);">- HDD 320GB</span></strong></span></span></div>\r\n<div style="margin: 0px; padding: 0px; color: rgb(0, 0, 0); font-family: Arial, Verdana, Tahoma, ''Trebuchet MS'', sans-serif; font-size: 13px;">\r\n	<span style="margin: 0px; padding: 0px; line-height: 19px; font-family: tahoma, arial, helvetica, sans-serif;"><span style="margin: 0px; padding: 0px; line-height: 18px; font-size: 12px;"><strong style="margin: 0px; padding: 0px;"><span style="margin: 0px; padding: 0px; line-height: 19px; font-size: small; color: rgb(0, 0, 255);">- VGA Intel HD Graphics&nbsp;WXGA (1366 x 768)</span></strong></span></span></div>\r\n<div style="margin: 0px; padding: 0px; color: rgb(0, 0, 0); font-family: Arial, Verdana, Tahoma, ''Trebuchet MS'', sans-serif; font-size: 13px;">\r\n	<span style="margin: 0px; padding: 0px; line-height: 19px; font-family: tahoma, arial, helvetica, sans-serif;"><span style="margin: 0px; padding: 0px; line-height: 18px; font-size: 12px;"><strong style="margin: 0px; padding: 0px;"><span style="margin: 0px; padding: 0px; line-height: 19px; font-size: small; color: rgb(0, 0, 255);">- 11.6&quot;&nbsp;</span></strong></span></span></div>\r\n<div style="margin: 0px; padding: 0px; color: rgb(0, 0, 0); font-family: Arial, Verdana, Tahoma, ''Trebuchet MS'', sans-serif; font-size: 13px;">\r\n	<span style="margin: 0px; padding: 0px; line-height: 19px; font-family: tahoma, arial, helvetica, sans-serif;"><span style="margin: 0px; padding: 0px; line-height: 18px; font-size: 12px;"><strong style="margin: 0px; padding: 0px;"><span style="margin: 0px; padding: 0px; line-height: 19px; font-size: small; color: rgb(0, 0, 255);">- LOA Nghe hay</span></strong></span></span></div>\r\n<div style="margin: 0px; padding: 0px; color: rgb(0, 0, 0); font-family: Arial, Verdana, Tahoma, ''Trebuchet MS'', sans-serif; font-size: 13px;">\r\n	<span style="margin: 0px; padding: 0px; line-height: 19px; font-family: tahoma, arial, helvetica, sans-serif;"><span style="margin: 0px; padding: 0px; line-height: 18px; font-size: 12px;"><strong style="margin: 0px; padding: 0px;"><span style="margin: 0px; padding: 0px; line-height: 19px; font-size: small; color: rgb(0, 0, 255);">- Webcam 1,3MP</span></strong></span></span></div>\r\n<div style="margin: 0px; padding: 0px; color: rgb(0, 0, 0); font-family: Arial, Verdana, Tahoma, ''Trebuchet MS'', sans-serif; font-size: 13px;">\r\n	<span style="margin: 0px; padding: 0px; line-height: 19px; font-family: tahoma, arial, helvetica, sans-serif;"><span style="margin: 0px; padding: 0px; line-height: 18px; font-size: 12px;"><strong style="margin: 0px; padding: 0px;"><span style="margin: 0px; padding: 0px; line-height: 19px; font-size: small; color: rgb(0, 0, 255);">- 802.11b/g/n</span></strong></span></span></div>\r\n<div style="margin: 0px; padding: 0px; color: rgb(0, 0, 0); font-family: Arial, Verdana, Tahoma, ''Trebuchet MS'', sans-serif; font-size: 13px;">\r\n	<span style="margin: 0px; padding: 0px; line-height: 19px; font-family: tahoma, arial, helvetica, sans-serif;"><span style="margin: 0px; padding: 0px; line-height: 18px; font-size: 12px;"><strong style="margin: 0px; padding: 0px;"><span style="margin: 0px; padding: 0px; line-height: 19px; font-size: small; color: rgb(0, 0, 255);">- Bluetooth+EDR + wifi nhanh</span></strong></span></span></div>\r\n<div style="margin: 0px; padding: 0px; color: rgb(0, 0, 0); font-family: Arial, Verdana, Tahoma, ''Trebuchet MS'', sans-serif; font-size: 13px;">\r\n	<span style="margin: 0px; padding: 0px; line-height: 19px; font-family: tahoma, arial, helvetica, sans-serif;"><span style="margin: 0px; padding: 0px; line-height: 18px; font-size: 12px;"><strong style="margin: 0px; padding: 0px;"><span style="margin: 0px; padding: 0px; line-height: 19px; font-size: small; color: rgb(0, 0, 255);">- 3 USB-card Reader + HDMI</span></strong></span></span></div>\r\n<div style="margin: 0px; padding: 0px; color: rgb(0, 0, 0); font-family: Arial, Verdana, Tahoma, ''Trebuchet MS'', sans-serif; font-size: 13px;">\r\n	<span style="margin: 0px; padding: 0px; line-height: 19px; font-family: tahoma, arial, helvetica, sans-serif;"><span style="margin: 0px; padding: 0px; line-height: 18px; font-size: 12px;"><strong style="margin: 0px; padding: 0px;"><span style="margin: 0px; padding: 0px; line-height: 19px; font-size: small; color: rgb(0, 0, 255);">- PIN ~3h</span></strong></span></span></div>\r\n', 1, 2, '2014-01-29'),
(11, 'Sony Vaio VPCW211AX', 'sony-vaio-vpcw211ax', 'e1081-198_583_31xajbznxml.jpg', 4500000, 3, '<div style="margin: 0px; padding: 0px; color: rgb(0, 0, 0); font-family: Arial, Verdana, Tahoma, ''Trebuchet MS'', sans-serif; font-size: 13px;">\r\n	<span style="margin: 0px; padding: 0px; line-height: 19px; font-weight: bold; color: rgb(0, 0, 255); font-size: small;">- ATOM N450</span></div>\r\n<div style="margin: 0px; padding: 0px; color: rgb(0, 0, 0); font-family: Arial, Verdana, Tahoma, ''Trebuchet MS'', sans-serif; font-size: 13px;">\r\n	<span style="margin: 0px; padding: 0px; line-height: 19px; font-size: small; color: rgb(0, 0, 255);"><strong style="margin: 0px; padding: 0px;">- DDR 2 1GB</strong></span></div>\r\n<div style="margin: 0px; padding: 0px; color: rgb(0, 0, 0); font-family: Arial, Verdana, Tahoma, ''Trebuchet MS'', sans-serif; font-size: 13px;">\r\n	<span style="margin: 0px; padding: 0px; line-height: 19px; font-size: small; color: rgb(0, 0, 255);"><strong style="margin: 0px; padding: 0px;">- HDD 160GB</strong></span></div>\r\n<div style="margin: 0px; padding: 0px; color: rgb(0, 0, 0); font-family: Arial, Verdana, Tahoma, ''Trebuchet MS'', sans-serif; font-size: 13px;">\r\n	<span style="margin: 0px; padding: 0px; line-height: 19px; font-size: small; color: rgb(0, 0, 255);"><strong style="margin: 0px; padding: 0px;">- VGA Onboard</strong></span></div>\r\n<div style="margin: 0px; padding: 0px; color: rgb(0, 0, 0); font-family: Arial, Verdana, Tahoma, ''Trebuchet MS'', sans-serif; font-size: 13px;">\r\n	<span style="margin: 0px; padding: 0px; line-height: 19px; font-size: small; color: rgb(0, 0, 255);"><strong style="margin: 0px; padding: 0px;">- 10.1&quot; LED HD</strong></span></div>\r\n<div style="margin: 0px; padding: 0px; color: rgb(0, 0, 0); font-family: Arial, Verdana, Tahoma, ''Trebuchet MS'', sans-serif; font-size: 13px;">\r\n	<span style="margin: 0px; padding: 0px; line-height: 19px; font-size: small; color: rgb(0, 0, 255);"><strong style="margin: 0px; padding: 0px;">- LOA nghe hay</strong></span></div>\r\n<div style="margin: 0px; padding: 0px; color: rgb(0, 0, 0); font-family: Arial, Verdana, Tahoma, ''Trebuchet MS'', sans-serif; font-size: 13px;">\r\n	<span style="margin: 0px; padding: 0px; line-height: 19px; font-size: small; color: rgb(0, 0, 255);"><strong style="margin: 0px; padding: 0px;">- Webcam 1,3MP</strong></span></div>\r\n<div style="margin: 0px; padding: 0px; color: rgb(0, 0, 0); font-family: Arial, Verdana, Tahoma, ''Trebuchet MS'', sans-serif; font-size: 13px;">\r\n	<span style="margin: 0px; padding: 0px; line-height: 19px; font-size: small; color: rgb(0, 0, 255);"><strong style="margin: 0px; padding: 0px;">- 802.11b/g/n</strong></span></div>\r\n<div style="margin: 0px; padding: 0px; color: rgb(0, 0, 0); font-family: Arial, Verdana, Tahoma, ''Trebuchet MS'', sans-serif; font-size: 13px;">\r\n	<span style="margin: 0px; padding: 0px; line-height: 19px; font-size: small; color: rgb(0, 0, 255);"><strong style="margin: 0px; padding: 0px;">- Bluetooth+EDR</strong></span></div>\r\n<div style="margin: 0px; padding: 0px; color: rgb(0, 0, 0); font-family: Arial, Verdana, Tahoma, ''Trebuchet MS'', sans-serif; font-size: 13px;">\r\n	<span style="margin: 0px; padding: 0px; line-height: 19px; font-size: small; color: rgb(0, 0, 255);"><strong style="margin: 0px; padding: 0px;">- 3 USB-card Reader</strong></span></div>\r\n<div style="margin: 0px; padding: 0px; color: rgb(0, 0, 0); font-family: Arial, Verdana, Tahoma, ''Trebuchet MS'', sans-serif; font-size: 13px;">\r\n	<span style="margin: 0px; padding: 0px; line-height: 19px; font-size: small; color: rgb(0, 0, 255);"><strong style="margin: 0px; padding: 0px;">- PIN ~2h</strong></span></div>\r\n', 1, 12, '2014-01-29'),
(12, 'ASUS X501A-XX225', 'asus-x501a-xx225', 'a8ddc-189_552_asus-x501a-xx225--dark-blue.jpg', 8900000, 3, '<div style="margin: 0px; padding: 0px; color: rgb(0, 0, 0); font-family: Arial, Verdana, Tahoma, ''Trebuchet MS'', sans-serif; font-size: 13px;">\r\n	<div style="margin: 0px; padding: 0px;">\r\n		<span style="margin: 0px; padding: 0px; line-height: 19px; font-size: small; color: rgb(0, 0, 128);"><strong style="margin: 0px; padding: 0px;">Độ lớn m&agrave;n h&igrave;nh: 15.6 inch</strong></span></div>\r\n	<div style="margin: 0px; padding: 0px;">\r\n		<span style="margin: 0px; padding: 0px; line-height: 19px; font-size: small; color: rgb(0, 0, 128);"><strong style="margin: 0px; padding: 0px;">Loại ổ cứng: HDD</strong></span></div>\r\n	<div style="margin: 0px; padding: 0px;">\r\n		<span style="margin: 0px; padding: 0px; line-height: 19px; font-size: small; color: rgb(0, 0, 128);"><strong style="margin: 0px; padding: 0px;">Dung lượng HDD: 500GB</strong></span></div>\r\n	<div style="margin: 0px; padding: 0px;">\r\n		<span style="margin: 0px; padding: 0px; line-height: 19px; font-size: small; color: rgb(0, 0, 128);"><strong style="margin: 0px; padding: 0px;">Loại CPU: Intel Core i3-2350M Sandy Bridge</strong></span></div>\r\n	<div style="margin: 0px; padding: 0px;">\r\n		<span style="margin: 0px; padding: 0px; line-height: 19px; font-size: small; color: rgb(0, 0, 128);"><strong style="margin: 0px; padding: 0px;">Tốc độ m&aacute;y: 2.30GHz (3MB L3 cache)</strong></span></div>\r\n	<div style="margin: 0px; padding: 0px;">\r\n		<span style="margin: 0px; padding: 0px; line-height: 19px; font-size: small; color: rgb(0, 0, 128);"><strong style="margin: 0px; padding: 0px;">Dung lượng Memory: 2GB</strong></span></div>\r\n	<div style="margin: 0px; padding: 0px;">\r\n		<span style="margin: 0px; padding: 0px; line-height: 19px; font-size: small; color: rgb(0, 0, 128);"><strong style="margin: 0px; padding: 0px;">Trọng lượng: 2kg</strong></span></div>\r\n	<div>\r\n		&nbsp;</div>\r\n</div>\r\n<div style="margin: 0px; padding: 0px; color: rgb(0, 0, 0); font-family: Arial, Verdana, Tahoma, ''Trebuchet MS'', sans-serif; font-size: 13px;">\r\n	&nbsp;</div>\r\n', 0, 10, '2014-01-29'),
(13, 'Sony Vaio SVE11125CVW', 'Sony-Vaio-SVE11125CVW', '9ccf5-188_548_sonyvaiosve11125cvw.jpg', 7500000, 12, '<div style="margin: 0px; padding: 0px; color: rgb(0, 0, 0); font-family: Arial, Verdana, Tahoma, ''Trebuchet MS'', sans-serif; font-size: 13px;">\r\n	<div style="margin: 0px; padding: 0px;">\r\n		<strong style="margin: 0px; padding: 0px;"><span style="margin: 0px; padding: 0px; line-height: 19px; font-size: small; color: rgb(0, 0, 255);">- Bộ xử l&yacute; tốc độ cao AMD E2-1800 (1.7GHz)</span></strong></div>\r\n	<div style="margin: 0px; padding: 0px;">\r\n		<div style="margin: 0px; padding: 0px;">\r\n			<span style="margin: 0px; padding: 0px; line-height: 19px;"><strong style="margin: 0px; padding: 0px;"><span style="margin: 0px; padding: 0px; font-size: small; color: rgb(0, 0, 255);">- DDR3 2GB</span></strong></span></div>\r\n		<div style="margin: 0px; padding: 0px;">\r\n			<span style="margin: 0px; padding: 0px; line-height: 19px; font-size: small; color: rgb(0, 0, 255);"><strong style="margin: 0px; padding: 0px;">- HDD 320GB</strong></span></div>\r\n	</div>\r\n	<div style="margin: 0px; padding: 0px;">\r\n		<strong style="margin: 0px; padding: 0px;"><span style="margin: 0px; padding: 0px; line-height: 19px; font-size: small; color: rgb(0, 0, 255);">- Windows&reg; 8 64bit nguy&ecirc;n bản</span></strong></div>\r\n	<div style="margin: 0px; padding: 0px;">\r\n		<strong style="margin: 0px; padding: 0px;"><span style="margin: 0px; padding: 0px; line-height: 19px; font-size: small; color: rgb(0, 0, 255);">- M&agrave;n h&igrave;nh Wide 11.6 inch (WXGA: 1366x768) TFT (m&agrave;n h&igrave;nh VAIO, đ&egrave;n nền LED)</span></strong></div>\r\n	<div style="margin: 0px; padding: 0px;">\r\n		<strong style="margin: 0px; padding: 0px;"><span style="margin: 0px; padding: 0px; line-height: 19px; font-size: small; color: rgb(0, 0, 255);">- &Acirc;m thanh chất lượng cao với &quot;xLOUD&quot; v&agrave; &quot;Clear Phase&quot;</span></strong></div>\r\n	<div style="margin: 0px; padding: 0px;">\r\n		<strong style="margin: 0px; padding: 0px;"><span style="margin: 0px; padding: 0px; line-height: 19px; font-size: small; color: rgb(0, 0, 255);">- Chức năng sạc qua USB m&agrave; kh&ocirc;ng cần cắm AC v&agrave; bật OS</span></strong></div>\r\n	<div style="margin: 0px; padding: 0px;">\r\n		<strong style="margin: 0px; padding: 0px;"><span style="margin: 0px; padding: 0px; line-height: 19px; font-size: small; color: rgb(0, 0, 255);">- Camera HD mạnh mẽ với &quot;Exmor for PC&quot;</span></strong></div>\r\n</div>\r\n<div style="margin: 0px; padding: 0px; color: rgb(0, 0, 0); font-family: Arial, Verdana, Tahoma, ''Trebuchet MS'', sans-serif; font-size: 13px;">\r\n	<strong style="margin: 0px; padding: 0px;"><span style="margin: 0px; padding: 0px; line-height: 19px; font-size: small; color: rgb(0, 0, 255);">- Wifi 802.11b/g/n nhanh v&agrave; mạnh</span></strong></div>\r\n<div style="margin: 0px; padding: 0px; color: rgb(0, 0, 0); font-family: Arial, Verdana, Tahoma, ''Trebuchet MS'', sans-serif; font-size: 13px;">\r\n	<span style="margin: 0px; padding: 0px; line-height: 19px; font-size: small; color: rgb(0, 0, 255);"><strong style="margin: 0px; padding: 0px;">- Bluetooth+EDR + HDMI</strong></span></div>\r\n<div style="margin: 0px; padding: 0px; color: rgb(0, 0, 0); font-family: Arial, Verdana, Tahoma, ''Trebuchet MS'', sans-serif; font-size: 13px;">\r\n	<span style="margin: 0px; padding: 0px; line-height: 19px; font-size: small; color: rgb(0, 0, 255);"><strong style="margin: 0px; padding: 0px;">- 3 USB-card Reader</strong></span></div>\r\n<div style="margin: 0px; padding: 0px; color: rgb(0, 0, 0); font-family: Arial, Verdana, Tahoma, ''Trebuchet MS'', sans-serif; font-size: 13px;">\r\n	<span style="margin: 0px; padding: 0px; line-height: 19px; font-size: small; color: rgb(0, 0, 255);"><strong style="margin: 0px; padding: 0px;">- PIN &gt; 4h</strong></span></div>\r\n<div style="margin: 0px; padding: 0px; color: rgb(0, 0, 0); font-family: Arial, Verdana, Tahoma, ''Trebuchet MS'', sans-serif; font-size: 13px;">\r\n	<span style="margin: 0px; padding: 0px; line-height: 19px; font-size: small; color: rgb(0, 0, 255);"><strong style="margin: 0px; padding: 0px;">- Bảo h&agrave;nh ch&iacute;nh h&atilde;ng 12 th&aacute;ng</strong></span></div>\r\n', 1, 12, '2014-01-29'),
(14, 'Dell INSPIRON', 'Dell-INSPIRON', '06ea3-36_78_dell-inspiron.jpg', 4000000, 3, '<p>\r\n	<span style="color:#0000cd;"><strong><font face="tahoma, arial, helvetica, sans-serif" style="margin: 0px; padding: 0px; color: rgb(0, 0, 0); font-size: 13px;"><span style="margin: 0px; padding: 0px; line-height: 18px; font-size: 12px;">- Intel Atom N455 1.66GHz</span></font></strong></span></p>\r\n<div style="margin: 0px; padding: 0px; color: rgb(0, 0, 0); font-family: Arial, Verdana, Tahoma, ''Trebuchet MS'', sans-serif; font-size: 13px;">\r\n	<strong><span style="color:#0000ff;"><font face="tahoma, arial, helvetica, sans-serif" style="margin: 0px; padding: 0px;"><span style="margin: 0px; padding: 0px; line-height: 18px; font-size: 12px;">- RAM DDR3 1GB</span></font></span></strong></div>\r\n<div style="margin: 0px; padding: 0px; color: rgb(0, 0, 0); font-family: Arial, Verdana, Tahoma, ''Trebuchet MS'', sans-serif; font-size: 13px;">\r\n	&nbsp;</div>\r\n<div style="margin: 0px; padding: 0px; color: rgb(0, 0, 0); font-family: Arial, Verdana, Tahoma, ''Trebuchet MS'', sans-serif; font-size: 13px;">\r\n	<strong><span style="color:#0000ff;"><font face="tahoma, arial, helvetica, sans-serif" style="margin: 0px; padding: 0px;"><span style="margin: 0px; padding: 0px; line-height: 18px; font-size: 12px;">- HDD 250GB Seagate</span></font></span></strong></div>\r\n<div style="margin: 0px; padding: 0px; color: rgb(0, 0, 0); font-family: Arial, Verdana, Tahoma, ''Trebuchet MS'', sans-serif; font-size: 13px;">\r\n	&nbsp;</div>\r\n<div style="margin: 0px; padding: 0px; color: rgb(0, 0, 0); font-family: Arial, Verdana, Tahoma, ''Trebuchet MS'', sans-serif; font-size: 13px;">\r\n	<strong><span style="color:#0000ff;"><font face="tahoma, arial, helvetica, sans-serif" style="margin: 0px; padding: 0px;"><span style="margin: 0px; padding: 0px; line-height: 18px; font-size: 12px;">- VGA Intel GMA</span></font></span></strong></div>\r\n<div style="margin: 0px; padding: 0px; color: rgb(0, 0, 0); font-family: Arial, Verdana, Tahoma, ''Trebuchet MS'', sans-serif; font-size: 13px;">\r\n	&nbsp;</div>\r\n<div style="margin: 0px; padding: 0px; color: rgb(0, 0, 0); font-family: Arial, Verdana, Tahoma, ''Trebuchet MS'', sans-serif; font-size: 13px;">\r\n	<strong><span style="color:#0000ff;"><font face="tahoma, arial, helvetica, sans-serif" style="margin: 0px; padding: 0px;"><span style="margin: 0px; padding: 0px; line-height: 18px; font-size: 12px;">- M&agrave;n h&igrave;nh 10&quot; wide-gương đẹp</span></font></span></strong></div>\r\n<div style="margin: 0px; padding: 0px; color: rgb(0, 0, 0); font-family: Arial, Verdana, Tahoma, ''Trebuchet MS'', sans-serif; font-size: 13px;">\r\n	&nbsp;</div>\r\n<div style="margin: 0px; padding: 0px; color: rgb(0, 0, 0); font-family: Arial, Verdana, Tahoma, ''Trebuchet MS'', sans-serif; font-size: 13px;">\r\n	<strong><span style="color:#0000ff;"><font face="tahoma, arial, helvetica, sans-serif" style="margin: 0px; padding: 0px;"><span style="margin: 0px; padding: 0px; line-height: 18px; font-size: 12px;">- Wi-fi 802.11 b/g/N.</span></font></span></strong></div>\r\n<div style="margin: 0px; padding: 0px; color: rgb(0, 0, 0); font-family: Arial, Verdana, Tahoma, ''Trebuchet MS'', sans-serif; font-size: 13px;">\r\n	&nbsp;</div>\r\n<div style="margin: 0px; padding: 0px; color: rgb(0, 0, 0); font-family: Arial, Verdana, Tahoma, ''Trebuchet MS'', sans-serif; font-size: 13px;">\r\n	<strong><span style="color:#0000ff;"><font face="tahoma, arial, helvetica, sans-serif" style="margin: 0px; padding: 0px;"><span style="margin: 0px; padding: 0px; line-height: 18px; font-size: 12px;">- Pin 6-cells &gt; 2h</span></font></span></strong></div>\r\n<div>\r\n	&nbsp;</div>\r\n', 0, 14, '2014-01-29'),
(15, 'Sony Vaio 216AG', 'Sony-Vaio-216AG', '22fcb-jpeg.jpg', 5500000, 3, '<div style="margin: 0px; padding: 0px; color: rgb(0, 0, 0); font-family: Arial, Verdana, Tahoma, ''Trebuchet MS'', sans-serif; font-size: 13px;">\r\n	<span style="margin: 0px; padding: 0px; line-height: 19px; font-size: small; color: rgb(0, 0, 255);"><strong style="margin: 0px; padding: 0px;">- ATOM N450</strong></span></div>\r\n<div style="margin: 0px; padding: 0px; color: rgb(0, 0, 0); font-family: Arial, Verdana, Tahoma, ''Trebuchet MS'', sans-serif; font-size: 13px;">\r\n	<span style="margin: 0px; padding: 0px; line-height: 19px; font-size: small; color: rgb(0, 0, 255);"><strong style="margin: 0px; padding: 0px;">- DDR3 2GB</strong></span></div>\r\n<div style="margin: 0px; padding: 0px; color: rgb(0, 0, 0); font-family: Arial, Verdana, Tahoma, ''Trebuchet MS'', sans-serif; font-size: 13px;">\r\n	<span style="margin: 0px; padding: 0px; line-height: 19px; font-size: small; color: rgb(0, 0, 255);"><strong style="margin: 0px; padding: 0px;">- HDD 320GB</strong></span></div>\r\n<div style="margin: 0px; padding: 0px; color: rgb(0, 0, 0); font-family: Arial, Verdana, Tahoma, ''Trebuchet MS'', sans-serif; font-size: 13px;">\r\n	<span style="margin: 0px; padding: 0px; line-height: 19px; font-size: small; color: rgb(0, 0, 255);"><strong style="margin: 0px; padding: 0px;">- VGA Onboard</strong></span></div>\r\n<div style="margin: 0px; padding: 0px; color: rgb(0, 0, 0); font-family: Arial, Verdana, Tahoma, ''Trebuchet MS'', sans-serif; font-size: 13px;">\r\n	<span style="margin: 0px; padding: 0px; line-height: 19px; font-size: small; color: rgb(0, 0, 255);"><strong style="margin: 0px; padding: 0px;">- 10.1&quot; LED HD độ ph&acirc;n giải 1366 x 768</strong></span></div>\r\n<div style="margin: 0px; padding: 0px; color: rgb(0, 0, 0); font-family: Arial, Verdana, Tahoma, ''Trebuchet MS'', sans-serif; font-size: 13px;">\r\n	<span style="margin: 0px; padding: 0px; line-height: 19px; font-size: small; color: rgb(0, 0, 255);"><strong style="margin: 0px; padding: 0px;">- LOA OK</strong></span></div>\r\n<div style="margin: 0px; padding: 0px; color: rgb(0, 0, 0); font-family: Arial, Verdana, Tahoma, ''Trebuchet MS'', sans-serif; font-size: 13px;">\r\n	<span style="margin: 0px; padding: 0px; line-height: 19px; font-size: small; color: rgb(0, 0, 255);"><strong style="margin: 0px; padding: 0px;">- Webcam 1,3MP</strong></span></div>\r\n<div style="margin: 0px; padding: 0px; color: rgb(0, 0, 0); font-family: Arial, Verdana, Tahoma, ''Trebuchet MS'', sans-serif; font-size: 13px;">\r\n	<span style="margin: 0px; padding: 0px; line-height: 19px; font-size: small; color: rgb(0, 0, 255);"><strong style="margin: 0px; padding: 0px;">- 802.11b/g/n</strong></span></div>\r\n<div style="margin: 0px; padding: 0px; color: rgb(0, 0, 0); font-family: Arial, Verdana, Tahoma, ''Trebuchet MS'', sans-serif; font-size: 13px;">\r\n	<span style="margin: 0px; padding: 0px; line-height: 19px; font-size: small; color: rgb(0, 0, 255);"><strong style="margin: 0px; padding: 0px;">- Bluetooth+EDR Wifi nhanh</strong></span></div>\r\n<div style="margin: 0px; padding: 0px; color: rgb(0, 0, 0); font-family: Arial, Verdana, Tahoma, ''Trebuchet MS'', sans-serif; font-size: 13px;">\r\n	<span style="margin: 0px; padding: 0px; line-height: 19px; font-size: small; color: rgb(0, 0, 255);"><strong style="margin: 0px; padding: 0px;">- 3 USB-card Reader</strong></span></div>\r\n<div style="margin: 0px; padding: 0px; color: rgb(0, 0, 0); font-family: Arial, Verdana, Tahoma, ''Trebuchet MS'', sans-serif; font-size: 13px;">\r\n	<span style="margin: 0px; padding: 0px; line-height: 19px; font-size: small; color: rgb(0, 0, 255);"><strong style="margin: 0px; padding: 0px;">- PIN 3Cell &gt; 2h</strong></span></div>\r\n', 0, 12, '2014-01-29'),
(16, 'Sony Vaio SVE11115EG', 'Sony-Vaio-SVE11115EG', 'b0b79-jpeg.jpg', 6700000, 3, '<div style="margin: 0px; padding: 0px; color: rgb(0, 0, 0); font-family: Arial, Verdana, Tahoma, ''Trebuchet MS'', sans-serif; font-size: 13px;">\r\n	<div style="margin: 0px; padding: 0px;">\r\n		<strong style="margin: 0px; padding: 0px;"><span style="margin: 0px; padding: 0px; line-height: 19px; font-size: small; color: rgb(0, 0, 255);">- Bộ xử l&yacute; tốc độ cao AMD E2-1800 (1.7GHz)</span></strong></div>\r\n	<div style="margin: 0px; padding: 0px;">\r\n		<div style="margin: 0px; padding: 0px;">\r\n			<span style="margin: 0px; padding: 0px; line-height: 19px;"><strong style="margin: 0px; padding: 0px;"><span style="margin: 0px; padding: 0px; font-size: small; color: rgb(0, 0, 255);">- DDR3 2GB</span></strong></span></div>\r\n		<div style="margin: 0px; padding: 0px;">\r\n			<span style="margin: 0px; padding: 0px; line-height: 19px; font-size: small; color: rgb(0, 0, 255);"><strong style="margin: 0px; padding: 0px;">- HDD 320GB</strong></span></div>\r\n	</div>\r\n	<div style="margin: 0px; padding: 0px;">\r\n		<strong style="margin: 0px; padding: 0px;"><span style="margin: 0px; padding: 0px; line-height: 19px; font-size: small; color: rgb(0, 0, 255);">- Windows&reg; 7 Home Basic 64bit nguy&ecirc;n bản</span></strong></div>\r\n	<div style="margin: 0px; padding: 0px;">\r\n		<strong style="margin: 0px; padding: 0px;"><span style="margin: 0px; padding: 0px; line-height: 19px; font-size: small; color: rgb(0, 0, 255);">- M&agrave;n h&igrave;nh Wide 11.6 inch (WXGA: 1366x768) TFT (m&agrave;n h&igrave;nh VAIO, đ&egrave;n nền LED)</span></strong></div>\r\n	<div style="margin: 0px; padding: 0px;">\r\n		<strong style="margin: 0px; padding: 0px;"><span style="margin: 0px; padding: 0px; line-height: 19px; font-size: small; color: rgb(0, 0, 255);">- &Acirc;m thanh chất lượng cao với &quot;xLOUD&quot; v&agrave; &quot;Clear Phase&quot;</span></strong></div>\r\n	<div style="margin: 0px; padding: 0px;">\r\n		<strong style="margin: 0px; padding: 0px;"><span style="margin: 0px; padding: 0px; line-height: 19px; font-size: small; color: rgb(0, 0, 255);">- Chức năng sạc qua USB m&agrave; kh&ocirc;ng cần cắm AC v&agrave; bật OS</span></strong></div>\r\n	<div style="margin: 0px; padding: 0px;">\r\n		<strong style="margin: 0px; padding: 0px;"><span style="margin: 0px; padding: 0px; line-height: 19px; font-size: small; color: rgb(0, 0, 255);">- Camera HD mạnh mẽ với &quot;Exmor for PC&quot;</span></strong></div>\r\n</div>\r\n<div style="margin: 0px; padding: 0px; color: rgb(0, 0, 0); font-family: Arial, Verdana, Tahoma, ''Trebuchet MS'', sans-serif; font-size: 13px;">\r\n	<strong style="margin: 0px; padding: 0px;"><span style="margin: 0px; padding: 0px; line-height: 19px; font-size: small; color: rgb(0, 0, 255);">- Wifi 802.11b/g/n nhanh v&agrave; mạnh</span></strong></div>\r\n<div style="margin: 0px; padding: 0px; color: rgb(0, 0, 0); font-family: Arial, Verdana, Tahoma, ''Trebuchet MS'', sans-serif; font-size: 13px;">\r\n	<span style="margin: 0px; padding: 0px; line-height: 19px; font-size: small; color: rgb(0, 0, 255);"><strong style="margin: 0px; padding: 0px;">- Bluetooth+EDR + HDMI</strong></span></div>\r\n<div style="margin: 0px; padding: 0px; color: rgb(0, 0, 0); font-family: Arial, Verdana, Tahoma, ''Trebuchet MS'', sans-serif; font-size: 13px;">\r\n	<span style="margin: 0px; padding: 0px; line-height: 19px; font-size: small; color: rgb(0, 0, 255);"><strong style="margin: 0px; padding: 0px;">- 3 USB-card Reader</strong></span></div>\r\n<div style="margin: 0px; padding: 0px; color: rgb(0, 0, 0); font-family: Arial, Verdana, Tahoma, ''Trebuchet MS'', sans-serif; font-size: 13px;">\r\n	<span style="margin: 0px; padding: 0px; line-height: 19px; font-size: small; color: rgb(0, 0, 255);"><strong style="margin: 0px; padding: 0px;">- PIN &gt; 3h</strong></span></div>\r\n', 1, 12, '2014-01-29'),
(17, 'Sony Vaio SVE11115EG', 'Sony-Vaio-SVE11115EG', '96d55-177_504_sony-sve14126cvb-core-i5-3210-vga-1gb-win-8-gia-cuc-re.jpg', 6700000, 3, '<div style="margin: 0px; padding: 0px; color: rgb(0, 0, 0); font-family: Arial, Verdana, Tahoma, ''Trebuchet MS'', sans-serif; font-size: 13px;">\r\n	<div style="margin: 0px; padding: 0px;">\r\n		<strong style="margin: 0px; padding: 0px;"><span style="margin: 0px; padding: 0px; line-height: 19px; font-size: small; color: rgb(0, 0, 255);">- Bộ xử l&yacute; tốc độ cao AMD E2-1800 (1.7GHz)</span></strong></div>\r\n	<div style="margin: 0px; padding: 0px;">\r\n		<div style="margin: 0px; padding: 0px;">\r\n			<span style="margin: 0px; padding: 0px; line-height: 19px;"><strong style="margin: 0px; padding: 0px;"><span style="margin: 0px; padding: 0px; font-size: small; color: rgb(0, 0, 255);">- DDR3 2GB</span></strong></span></div>\r\n		<div style="margin: 0px; padding: 0px;">\r\n			<span style="margin: 0px; padding: 0px; line-height: 19px; font-size: small; color: rgb(0, 0, 255);"><strong style="margin: 0px; padding: 0px;">- HDD 320GB</strong></span></div>\r\n	</div>\r\n	<div style="margin: 0px; padding: 0px;">\r\n		<strong style="margin: 0px; padding: 0px;"><span style="margin: 0px; padding: 0px; line-height: 19px; font-size: small; color: rgb(0, 0, 255);">- Windows&reg; 7 Home Basic 64bit nguy&ecirc;n bản</span></strong></div>\r\n	<div style="margin: 0px; padding: 0px;">\r\n		<strong style="margin: 0px; padding: 0px;"><span style="margin: 0px; padding: 0px; line-height: 19px; font-size: small; color: rgb(0, 0, 255);">- M&agrave;n h&igrave;nh Wide 11.6 inch (WXGA: 1366x768) TFT (m&agrave;n h&igrave;nh VAIO, đ&egrave;n nền LED)</span></strong></div>\r\n	<div style="margin: 0px; padding: 0px;">\r\n		<strong style="margin: 0px; padding: 0px;"><span style="margin: 0px; padding: 0px; line-height: 19px; font-size: small; color: rgb(0, 0, 255);">- &Acirc;m thanh chất lượng cao với &quot;xLOUD&quot; v&agrave; &quot;Clear Phase&quot;</span></strong></div>\r\n	<div style="margin: 0px; padding: 0px;">\r\n		<strong style="margin: 0px; padding: 0px;"><span style="margin: 0px; padding: 0px; line-height: 19px; font-size: small; color: rgb(0, 0, 255);">- Chức năng sạc qua USB m&agrave; kh&ocirc;ng cần cắm AC v&agrave; bật OS</span></strong></div>\r\n	<div style="margin: 0px; padding: 0px;">\r\n		<strong style="margin: 0px; padding: 0px;"><span style="margin: 0px; padding: 0px; line-height: 19px; font-size: small; color: rgb(0, 0, 255);">- Camera HD mạnh mẽ với &quot;Exmor for PC&quot;</span></strong></div>\r\n</div>\r\n<div style="margin: 0px; padding: 0px; color: rgb(0, 0, 0); font-family: Arial, Verdana, Tahoma, ''Trebuchet MS'', sans-serif; font-size: 13px;">\r\n	<strong style="margin: 0px; padding: 0px;"><span style="margin: 0px; padding: 0px; line-height: 19px; font-size: small; color: rgb(0, 0, 255);">- Wifi 802.11b/g/n nhanh v&agrave; mạnh</span></strong></div>\r\n<div style="margin: 0px; padding: 0px; color: rgb(0, 0, 0); font-family: Arial, Verdana, Tahoma, ''Trebuchet MS'', sans-serif; font-size: 13px;">\r\n	<span style="margin: 0px; padding: 0px; line-height: 19px; font-size: small; color: rgb(0, 0, 255);"><strong style="margin: 0px; padding: 0px;">- Bluetooth+EDR + HDMI</strong></span></div>\r\n<div style="margin: 0px; padding: 0px; color: rgb(0, 0, 0); font-family: Arial, Verdana, Tahoma, ''Trebuchet MS'', sans-serif; font-size: 13px;">\r\n	<span style="margin: 0px; padding: 0px; line-height: 19px; font-size: small; color: rgb(0, 0, 255);"><strong style="margin: 0px; padding: 0px;">- 3 USB-card Reader</strong></span></div>\r\n<div style="margin: 0px; padding: 0px; color: rgb(0, 0, 0); font-family: Arial, Verdana, Tahoma, ''Trebuchet MS'', sans-serif; font-size: 13px;">\r\n	<span style="margin: 0px; padding: 0px; line-height: 19px; font-size: small; color: rgb(0, 0, 255);"><strong style="margin: 0px; padding: 0px;">- PIN &gt; 4h</strong></span></div>\r\n', 0, 12, '2014-01-29'),
(18, 'Sony Vaio SVE11115EGP', 'Sony-Vaio-SVE11115EGP', '21ab2-151_400_sony-sve11115egp.jpg', 6700000, 3, '<div style="margin: 0px; padding: 0px; color: rgb(0, 0, 0); font-family: Arial, Verdana, Tahoma, ''Trebuchet MS'', sans-serif; font-size: 13px;">\r\n	<div style="margin: 0px; padding: 0px;">\r\n		<strong style="margin: 0px; padding: 0px;"><span style="margin: 0px; padding: 0px; line-height: 19px; font-size: small; color: rgb(0, 0, 255);">- Bộ xử l&yacute; tốc độ cao AMD E2-1800 (1.7GHz)</span></strong></div>\r\n	<div style="margin: 0px; padding: 0px;">\r\n		<div style="margin: 0px; padding: 0px;">\r\n			<span style="margin: 0px; padding: 0px; line-height: 19px;"><strong style="margin: 0px; padding: 0px;"><span style="margin: 0px; padding: 0px; font-size: small; color: rgb(0, 0, 255);">- DDR3 2GB</span></strong></span></div>\r\n		<div style="margin: 0px; padding: 0px;">\r\n			<span style="margin: 0px; padding: 0px; line-height: 19px; font-size: small; color: rgb(0, 0, 255);"><strong style="margin: 0px; padding: 0px;">- HDD 320GB</strong></span></div>\r\n	</div>\r\n	<div style="margin: 0px; padding: 0px;">\r\n		<strong style="margin: 0px; padding: 0px;"><span style="margin: 0px; padding: 0px; line-height: 19px; font-size: small; color: rgb(0, 0, 255);">- Windows&reg; 7 Home Basic 64bit nguy&ecirc;n bản</span></strong></div>\r\n	<div style="margin: 0px; padding: 0px;">\r\n		<strong style="margin: 0px; padding: 0px;"><span style="margin: 0px; padding: 0px; line-height: 19px; font-size: small; color: rgb(0, 0, 255);">- M&agrave;n h&igrave;nh Wide 11.6 inch (WXGA: 1366x768) TFT (m&agrave;n h&igrave;nh VAIO, đ&egrave;n nền LED)</span></strong></div>\r\n	<div style="margin: 0px; padding: 0px;">\r\n		<strong style="margin: 0px; padding: 0px;"><span style="margin: 0px; padding: 0px; line-height: 19px; font-size: small; color: rgb(0, 0, 255);">- &Acirc;m thanh chất lượng cao với &quot;xLOUD&quot; v&agrave; &quot;Clear Phase&quot;</span></strong></div>\r\n	<div style="margin: 0px; padding: 0px;">\r\n		<strong style="margin: 0px; padding: 0px;"><span style="margin: 0px; padding: 0px; line-height: 19px; font-size: small; color: rgb(0, 0, 255);">- Chức năng sạc qua USB m&agrave; kh&ocirc;ng cần cắm AC v&agrave; bật OS</span></strong></div>\r\n	<div style="margin: 0px; padding: 0px;">\r\n		<strong style="margin: 0px; padding: 0px;"><span style="margin: 0px; padding: 0px; line-height: 19px; font-size: small; color: rgb(0, 0, 255);">- Camera HD mạnh mẽ với &quot;Exmor for PC&quot;</span></strong></div>\r\n</div>\r\n<div style="margin: 0px; padding: 0px; color: rgb(0, 0, 0); font-family: Arial, Verdana, Tahoma, ''Trebuchet MS'', sans-serif; font-size: 13px;">\r\n	<strong style="margin: 0px; padding: 0px;"><span style="margin: 0px; padding: 0px; line-height: 19px; font-size: small; color: rgb(0, 0, 255);">- Wifi 802.11b/g/n nhanh v&agrave; mạnh</span></strong></div>\r\n<div style="margin: 0px; padding: 0px; color: rgb(0, 0, 0); font-family: Arial, Verdana, Tahoma, ''Trebuchet MS'', sans-serif; font-size: 13px;">\r\n	<span style="margin: 0px; padding: 0px; line-height: 19px; font-size: small; color: rgb(0, 0, 255);"><strong style="margin: 0px; padding: 0px;">- Bluetooth+EDR + HDMI</strong></span></div>\r\n<div style="margin: 0px; padding: 0px; color: rgb(0, 0, 0); font-family: Arial, Verdana, Tahoma, ''Trebuchet MS'', sans-serif; font-size: 13px;">\r\n	<span style="margin: 0px; padding: 0px; line-height: 19px; font-size: small; color: rgb(0, 0, 255);"><strong style="margin: 0px; padding: 0px;">- 3 USB-card Reader</strong></span></div>\r\n<div style="margin: 0px; padding: 0px; color: rgb(0, 0, 0); font-family: Arial, Verdana, Tahoma, ''Trebuchet MS'', sans-serif; font-size: 13px;">\r\n	<span style="margin: 0px; padding: 0px; line-height: 19px; font-size: small; color: rgb(0, 0, 255);"><strong style="margin: 0px; padding: 0px;">- PIN &gt; 3h</strong></span></div>\r\n', 0, 12, '2014-01-29'),
(19, 'Sony Vaio VPC-W216AG', 'Sony-Vaio-VPC-W216AG', '72c58-97_325_1339408101_395637341_1-sony-vaio-netbook-vpcw216ag-andheri-west.jpg', 5200000, 3, '<div style="margin: 0px; padding: 0px; color: rgb(0, 0, 0); font-family: Arial, Verdana, Tahoma, ''Trebuchet MS'', sans-serif; font-size: 13px;">\r\n	<strong style="margin: 0px; padding: 0px;"><span style="margin: 0px; padding: 0px; line-height: 19px; font-size: small; color: rgb(51, 102, 255);"><strong style="margin: 0px; padding: 0px;"><span style="margin: 0px; padding: 0px; color: rgb(0, 0, 255);">- ATOM-N450</span></strong></span></strong></div>\r\n<div style="margin: 0px; padding: 0px; color: rgb(0, 0, 0); font-family: Arial, Verdana, Tahoma, ''Trebuchet MS'', sans-serif; font-size: 13px;">\r\n	<strong style="margin: 0px; padding: 0px;"><span style="margin: 0px; padding: 0px; line-height: 19px; font-size: small; color: rgb(51, 102, 255);"><strong style="margin: 0px; padding: 0px;"><span style="margin: 0px; padding: 0px; color: rgb(0, 0, 255);">- DDR3 2GB</span></strong></span></strong></div>\r\n<div style="margin: 0px; padding: 0px; color: rgb(0, 0, 0); font-family: Arial, Verdana, Tahoma, ''Trebuchet MS'', sans-serif; font-size: 13px;">\r\n	<strong style="margin: 0px; padding: 0px;"><span style="margin: 0px; padding: 0px; line-height: 19px; font-size: small; color: rgb(51, 102, 255);"><strong style="margin: 0px; padding: 0px;"><span style="margin: 0px; padding: 0px; color: rgb(0, 0, 255);">- HDD 160GB</span></strong></span></strong></div>\r\n<div style="margin: 0px; padding: 0px; color: rgb(0, 0, 0); font-family: Arial, Verdana, Tahoma, ''Trebuchet MS'', sans-serif; font-size: 13px;">\r\n	<strong style="margin: 0px; padding: 0px;"><span style="margin: 0px; padding: 0px; line-height: 19px; font-size: small; color: rgb(51, 102, 255);"><strong style="margin: 0px; padding: 0px;"><span style="margin: 0px; padding: 0px; color: rgb(0, 0, 255);">- VGA Intel 3150</span></strong></span></strong></div>\r\n<div style="margin: 0px; padding: 0px; color: rgb(0, 0, 0); font-family: Arial, Verdana, Tahoma, ''Trebuchet MS'', sans-serif; font-size: 13px;">\r\n	<strong style="margin: 0px; padding: 0px;"><span style="margin: 0px; padding: 0px; line-height: 19px; font-size: small; color: rgb(51, 102, 255);"><strong style="margin: 0px; padding: 0px;"><span style="margin: 0px; padding: 0px; color: rgb(0, 0, 255);">- 10.1&quot; LED FULL HD</span></strong></span></strong></div>\r\n<div style="margin: 0px; padding: 0px; color: rgb(0, 0, 0); font-family: Arial, Verdana, Tahoma, ''Trebuchet MS'', sans-serif; font-size: 13px;">\r\n	<strong style="margin: 0px; padding: 0px;"><span style="margin: 0px; padding: 0px; line-height: 19px; font-size: small; color: rgb(51, 102, 255);"><strong style="margin: 0px; padding: 0px;"><span style="margin: 0px; padding: 0px; color: rgb(0, 0, 255);">- LOA OK</span></strong></span></strong></div>\r\n<div style="margin: 0px; padding: 0px; color: rgb(0, 0, 0); font-family: Arial, Verdana, Tahoma, ''Trebuchet MS'', sans-serif; font-size: 13px;">\r\n	<strong style="margin: 0px; padding: 0px;"><span style="margin: 0px; padding: 0px; line-height: 19px; font-size: small; color: rgb(51, 102, 255);"><strong style="margin: 0px; padding: 0px;"><span style="margin: 0px; padding: 0px; color: rgb(0, 0, 255);">- Webcam 1,3MP</span></strong></span></strong></div>\r\n<div style="margin: 0px; padding: 0px; color: rgb(0, 0, 0); font-family: Arial, Verdana, Tahoma, ''Trebuchet MS'', sans-serif; font-size: 13px;">\r\n	<strong style="margin: 0px; padding: 0px;"><span style="margin: 0px; padding: 0px; line-height: 19px; font-size: small; color: rgb(51, 102, 255);"><strong style="margin: 0px; padding: 0px;"><span style="margin: 0px; padding: 0px; color: rgb(0, 0, 255);">- 802.11b/g/n</span></strong></span></strong></div>\r\n<div style="margin: 0px; padding: 0px; color: rgb(0, 0, 0); font-family: Arial, Verdana, Tahoma, ''Trebuchet MS'', sans-serif; font-size: 13px;">\r\n	<strong style="margin: 0px; padding: 0px;"><span style="margin: 0px; padding: 0px; line-height: 19px; font-size: small; color: rgb(51, 102, 255);"><strong style="margin: 0px; padding: 0px;"><span style="margin: 0px; padding: 0px; color: rgb(0, 0, 255);">- Bluetooth+EDR</span></strong></span></strong></div>\r\n<div style="margin: 0px; padding: 0px; color: rgb(0, 0, 0); font-family: Arial, Verdana, Tahoma, ''Trebuchet MS'', sans-serif; font-size: 13px;">\r\n	<strong style="margin: 0px; padding: 0px;"><span style="margin: 0px; padding: 0px; line-height: 19px; font-size: small; color: rgb(51, 102, 255);"><strong style="margin: 0px; padding: 0px;"><span style="margin: 0px; padding: 0px; color: rgb(0, 0, 255);">- 3 USB-card Reader</span></strong></span></strong></div>\r\n<div style="margin: 0px; padding: 0px; color: rgb(0, 0, 0); font-family: Arial, Verdana, Tahoma, ''Trebuchet MS'', sans-serif; font-size: 13px;">\r\n	<strong style="margin: 0px; padding: 0px;"><span style="margin: 0px; padding: 0px; line-height: 19px; font-size: small; color: rgb(0, 0, 255);">- pin 4 h</span></strong></div>\r\n', 0, 12, '2014-01-29'),
(20, 'Western 250GB SATA3', 'Western-250GB-SATA3', '06539-o-cung-western-250gb-sata3-21028-1.jpg', 1049000, 24, '', 0, 18, '2014-01-22'),
(21, 'SamSung 1.0 TB Serial ATA II', 'SamSung-1.0-TB-Serial-ATA-II', '8d88a-o-cung-samsung-10-tb-serial-ata-ii-1479-1.jpg', 1690000, 12, '', 0, 18, '2014-01-28'),
(22, 'HP LaserJet 1320', 'HP-LaserJet-1320', '182fc-hp-laserjet-1320.jpg', 2787200, 6, '<p>\r\n	<span style="color:#0000cd;"><strong>HP / Loại m&aacute;y in: Laser đen trắng</strong></span></p>\r\n<p>\r\n	<span style="color:#0000cd;"><strong>Cỡ giấy: A4 </strong></span></p>\r\n<p>\r\n	<span style="color:#0000cd;"><strong>&nbsp;Độ ph&acirc;n giải: 1200x1200dpi</strong></span></p>\r\n<p>\r\n	<span style="color:#0000cd;"><strong>Mực in: Khay mực / Kết nối:USB2.0, Parallel, IEEE 1284,</strong></span></p>\r\n<p>\r\n	<span style="color:#0000cd;"><strong>Tốc độ in đen trắng (Tờ/ph&uacute;t): 22tờ</strong></span></p>\r\n<p>\r\n	<span style="color:#0000cd;"><strong>Khay đựng giấy thường (Tờ): 250tờ</strong></span></p>\r\n<p>\r\n	<span style="color:#0000cd;"><strong>Chức năng: In 2 mặt, In tr&agrave;n lề,</strong></span></p>\r\n<p>\r\n	<span style="color:#0000cd;"><strong>OS Supported:Microsoft Windows 98, Microsoft Windows 98SE,Microsoft Windows Me, Microsoft Windows NT 4.0,Microsoft Windows 2000, Microsoft Windows XP, Apple Mac OS 7.5 or greater, Linux, Mac OS 9.1 ～ 9.2, Mac OS X 10.2.4, Microsoft Windows XP Pro x64, Microsoft Windows Server 2003, Novell NetWare</strong></span></p>\r\n<p>\r\n	<span style="color:#0000cd;"><strong>Bộ vi xử l&yacute;:166MHz </strong></span></p>\r\n<p>\r\n	<span style="color:#0000cd;"><strong>Bộ nhớ trong(Mb): 16</strong></span></p>\r\n<p>\r\n	<span style="color:#0000cd;"><strong>C&ocirc;ng suất ti&ecirc;u thụ(W):345</strong></span></p>\r\n<p>\r\n	<span style="color:#0000cd;"><strong>Nguồn điện sử dụng: AC 220V 50/60Hz</strong></span></p>\r\n<p>\r\n	<span style="color:#0000cd;"><strong>Khối lượng: 11.2Kg&nbsp;</strong></span></p>\r\n', 0, 4, '2014-02-02'),
(23, 'HP LaserJet 1200 Printer', 'HP-LaserJet-1200-Printer', '9bf4b-hp-laserjet-1200-printer.jpg', 750000, 3, '<p>\r\n	<span style="color:#0000ff;"><strong>HP / Loại m&aacute;y in: Laser đen trắng&nbsp;</strong></span></p>\r\n<p>\r\n	<span style="color:#0000ff;"><strong>Cỡ giấy: A4 / Độ ph&acirc;n giải: 1200dpi </strong></span></p>\r\n<p>\r\n	<span style="color:#0000ff;"><strong>Mực in: Khay mực </strong></span></p>\r\n<p>\r\n	<span style="color:#0000ff;"><strong>Kết nối: USB, USB2.0, Parallel</strong></span></p>\r\n<p>\r\n	<span style="color:#0000ff;"><strong>Tốc độ in đen trắng (Tờ/ph&uacute;t): 14tờ</strong></span></p>\r\n<p>\r\n	<span style="color:#0000ff;"><strong>Khay đựng giấy thường (Tờ): 250tờ </strong></span></p>\r\n<p>\r\n	<span style="color:#0000ff;"><strong>Chức năng: In tr&agrave;n lề, In Label, In trực tiếp</strong></span></p>\r\n<p>\r\n	<span style="color:#0000ff;"><strong>OS Supported: Microsoft Windows 98, Microsoft Windows 98SE, Microsoft Windows Me, Microsoft Windows NT 4.0, Microsoft Windows 2000, Microsoft Windows XP, Microsoft Windows Server 2003, Microsoft Windows Vista, Microsoft Windows Server 2008, Microsoft Windows 7</strong></span></p>\r\n<p>\r\n	<span style="color:#0000ff;"><strong>Bộ vi xử l&yacute;: 133MHz </strong></span></p>\r\n<p>\r\n	<span style="color:#0000ff;"><strong>Bộ nhớ trong(Mb): 8 </strong></span></p>\r\n<p>\r\n	<span style="color:#0000ff;"><strong>C&ocirc;ng suất ti&ecirc;u thụ(W): 350 </strong></span></p>\r\n<p>\r\n	<span style="color:#0000ff;"><strong>Nguồn điện sử dụng: AC 220V 50/60Hz</strong></span></p>\r\n', 0, 4, '2014-02-01'),
(24, 'Camera WIT-2144U', 'Camera-WIT-2144U', '6abf9-camera-wit-2144u.jpg', 1660000, 0, '<p>\r\n	<strong><span style="color:#0000cd;">- L&agrave; phi&ecirc;n bản cao cấp hơn của WIT-2144H</span></strong></p>\r\n<p>\r\n	<strong><span style="color:#0000cd;">- 1/3&rdquo; Sony CCD, 600 TV Lines</span></strong></p>\r\n<p>\r\n	<strong><span style="color:#0000cd;">- Leds hồng ngoại : 144 pcs</span></strong></p>\r\n<p>\r\n	<strong><span style="color:#0000cd;">- Độ nhạy s&aacute;ng : 0.1Lux/F1.2, tự c&acirc;n bằng &aacute;nh s&aacute;ng trắng, BLC, auto iris&hellip;</span></strong></p>\r\n<p>\r\n	<strong><span style="color:#0000cd;">- Nguồn : DC 12V &plusmn; 10% 2.000mA4<br />\r\n	- Lượng đ&egrave;n Leds lớn, th&iacute;ch hợp cho m&ocirc;i trường quan s&aacute;t rộng , lớn trong nh&agrave; xưởng, c&ocirc;ng ty, nh&agrave; kho,...</span></strong></p>\r\n<p>\r\n	<strong><span style="color:#ff0000;">Chi ch&uacute;</span><span style="color:#0000cd;"> : Gi&aacute; chưa bao gồm c&aacute;c phụ kiện rời b&ecirc;n ngo&agrave;i như Adapter, ch&acirc;n đế,...</span></strong></p>\r\n', 0, 7, '2014-02-02'),
(25, 'Camera IP HD WIT-6203DMP13', 'Camera-IP-HD-WIT-6203DMP13', '5ca76-camera-ip-hd-wit-6203dmp13.jpg', 4050000, 12, '<p>\r\n	<span style="color:#ff0000;"><strong>Camera wireless - kh&ocirc;ng d&acirc;y</strong></span></p>\r\n<p>\r\n	<strong><span style="color:#0000ff;">- Led hồng ngọai : 02 Pcs Dot Matrix</span></strong></p>\r\n<p>\r\n	<strong><span style="color:#0000ff;">- Chuẩn HD 1.3 Megapixel rất sắc n&eacute;t</span></strong></p>\r\n<p>\r\n	<strong><span style="color:#0000ff;">- Network : 10/100 Mbps Ethernet (RJ-45)</span></strong></p>\r\n<p>\r\n	<strong><span style="color:#0000ff;">- Network protocol: HTTP, TCP/IP, DHCP, DDNS, NTP. Hỗ trợ : Internet Explorer .</span></strong></p>\r\n<p>\r\n	<strong><span style="color:#0000ff;">- Nguồn : DC 5V - 2000mA<br />\r\n	Th&iacute;ch hợp cho c&ocirc;ng ty, nh&agrave; xưởng,...</span></strong></p>\r\n<p>\r\n	&nbsp;</p>\r\n', 0, 7, '2014-02-02'),
(26, 'Camera WIT-3040V', 'Camera-WIT-3040V', 'b79c5-camera-wit-3040v.jpg', 1150000, 0, '<p>\r\n	<span style="color:#0000ff;"><strong>- 1/3&rdquo; Sony, 700 TV Lines</strong></span></p>\r\n<p>\r\n	<span style="color:#0000ff;"><strong>- C&ocirc;ng nghệ chống ngược s&aacute;ng WDR , điều khiển bằng n&uacute;t điều khiển tr&ecirc;n d&acirc;y t&iacute;n hiệu</strong></span></p>\r\n<p>\r\n	<span style="color:#0000ff;"><strong>- Độ nhạy s&aacute;ng : 0.1Lux/F1.2, tự c&acirc;n bằng &aacute;nh s&aacute;ng trắng, BLC, auto iris&hellip;</strong></span></p>\r\n<p>\r\n	<span style="color:#0000ff;"><strong>- Nguồn : DC 12V &plusmn; 10% 500mA<br />\r\n	- Giải ph&aacute;p cho những nơi c&oacute; &aacute;nh s&aacute;ng mạnh, nắng gắt, ngược s&aacute;ng,...</strong></span></p>\r\n', 0, 7, '2014-02-02');
INSERT INTO `it24h_product` (`id`, `name`, `slug`, `img`, `price`, `warranty`, `describe`, `hot`, `cat_id`, `date`) VALUES
(27, 'Acer P3 - 171 - 5333Y2G12aS (003)', '14822_acer-p3', '228e9-14822_acer-p3-1711.jpg', 18490000, 12, '<p>\n	<span style="color: rgb(0, 0, 0); font-family: Tahoma, Arial;">- Intel</span><strong style="margin: 0px; padding: 0px; border: 0px; outline: 0px; vertical-align: baseline; font-family: Tahoma, Arial; color: rgb(0, 0, 0);">&nbsp;Core i5-3339Y&nbsp;</strong><span style="color: rgb(0, 0, 0); font-family: Tahoma, Arial;">1.5GHz - 3M</span><br style="color: rgb(0, 0, 0); font-family: Tahoma, Arial;" />\n	<span style="color: rgb(0, 0, 0); font-family: Tahoma, Arial;">-</span><strong style="margin: 0px; padding: 0px; border: 0px; outline: 0px; vertical-align: baseline; font-family: Tahoma, Arial; color: rgb(0, 0, 0);">&nbsp;DDRAM 2GB/1600</strong><br style="color: rgb(0, 0, 0); font-family: Tahoma, Arial;" />\n	<span style="color: rgb(0, 0, 0); font-family: Tahoma, Arial;">-&nbsp;</span><strong style="margin: 0px; padding: 0px; border: 0px; outline: 0px; vertical-align: baseline; font-family: Tahoma, Arial; color: rgb(0, 0, 0);">SSD 120GB</strong><br style="color: rgb(0, 0, 0); font-family: Tahoma, Arial;" />\n	<span style="color: rgb(0, 0, 0); font-family: Tahoma, Arial;">-&nbsp;</span><strong style="margin: 0px; padding: 0px; border: 0px; outline: 0px; vertical-align: baseline; font-family: Tahoma, Arial; color: rgb(0, 0, 0);">Intel HD 4000</strong><br style="color: rgb(0, 0, 0); font-family: Tahoma, Arial;" />\n	<span style="color: rgb(0, 0, 0); font-family: Tahoma, Arial;">-&nbsp;</span><strong style="margin: 0px; padding: 0px; border: 0px; outline: 0px; vertical-align: baseline; font-family: Tahoma, Arial; color: rgb(0, 0, 0);">2 camera : Trước HD Camera // Sau 5MP</strong><br style="color: rgb(0, 0, 0); font-family: Tahoma, Arial;" />\n	<strong style="margin: 0px; padding: 0px; border: 0px; outline: 0px; vertical-align: baseline; font-family: Tahoma, Arial; color: rgb(0, 0, 0);">- 11.6&quot; HD Multi Touch - &nbsp;Micro HDMI - USB 3.0</strong><br style="color: rgb(0, 0, 0); font-family: Tahoma, Arial;" />\n	<span style="color: rgb(0, 0, 0); font-family: Tahoma, Arial;">- No LAN - Wireless N - Bluetooth</span><br style="color: rgb(0, 0, 0); font-family: Tahoma, Arial;" />\n	<strong style="margin: 0px; padding: 0px; border: 0px; outline: 0px; vertical-align: baseline; font-family: Tahoma, Arial; color: rgb(0, 0, 0);">- Keyboard Bluetooth</strong><br style="color: rgb(0, 0, 0); font-family: Tahoma, Arial;" />\n	<strong style="margin: 0px; padding: 0px; border: 0px; outline: 0px; vertical-align: baseline; font-family: Tahoma, Arial; color: rgb(0, 0, 0);">- Weight 0.8Kg - Battery Li-po 4 Cell</strong><br style="color: rgb(0, 0, 0); font-family: Tahoma, Arial;" />\n	<strong style="margin: 0px; padding: 0px; border: 0px; outline: 0px; vertical-align: baseline; font-family: Tahoma, Arial; color: rgb(0, 0, 0);">- OS Win 8 Single Language</strong></p>\n', 1, 2, '2014-02-12');

-- --------------------------------------------------------

--
-- Table structure for table `user`
--

CREATE TABLE IF NOT EXISTS `it24h_user` (
  `id` int(11) NOT NULL AUTO_INCREMENT,
  `username` varchar(50) NOT NULL,
  `password` varchar(50) NOT NULL,
  PRIMARY KEY (`id`)
) ENGINE=MyISAM  DEFAULT CHARSET=latin1 AUTO_INCREMENT=2 ;

--
-- Dumping data for table `user`
--

INSERT INTO `it24h_user` (`id`, `username`, `password`) VALUES
(1, 'leo', 'leo');

/*!40101 SET CHARACTER_SET_CLIENT=@OLD_CHARACTER_SET_CLIENT */;
/*!40101 SET CHARACTER_SET_RESULTS=@OLD_CHARACTER_SET_RESULTS */;
/*!40101 SET COLLATION_CONNECTION=@OLD_COLLATION_CONNECTION */;
